id,track,release_date,duration_sec,spotify_url,name,description
4obN7pomr24bu1RfqZxHVX,1,2020-12-09,2339.344,https://open.spotify.com/episode/4obN7pomr24bu1RfqZxHVX,Zwei Nonnen zu viel,"Der Joko & Klaas-Begleiter und Teilzeit-Visionär Frank Tonmann lädt seine Kollegen Basti Graage und Thomas Martiens zum illegalen Stelldichein in sein Tonmannbüro bei Florida TV und salbadert mit ihnen über die wichtigsten Themen des Lebens:  Wie stellt man sich besonders dumm im Beruf an? Warum ist LSD-Gras-Rauchen überraschend krass im Abgang? Wie übertrumpft man jemanden im Lügen-Battle, um selbst als cool dazustehen und wie schafft man es, mit einer winzigen Idee alle Umherstehenden nachhaltig zu verstören? All das im neuen Mittelmaß-Podcast “Eulen vor die Säue”.  Alle Infos und Rabatte zu unseren Werbepartnern unter https://linktr.ee/EulenvordieSaeue"
7Dp11ElJJSXepQosfGdSuM,2,2020-12-16,2460.918,https://open.spotify.com/episode/7Dp11ElJJSXepQosfGdSuM,Der singende Golfball,"Frank Tonmann zwingt erneut seine Florida-TV Kollegen Basti und Thomas zum mittäglichen Stelldichein und will einfach mal “quatschen”. Angestachelt vom Zuhörer:innen Feedback von letzter Woche (aka Franks Oma) wird diesmal Frank und Bastis Wirken bei der letzten Folge “Duell um die Welt” genauer beleuchtet. Wie witzig ist es, Thorsten Legat 500 Backpfeifen zu geben? Was war wirklich los am Set von Axel Stein und der kleinsten Waffe der Welt? Welche Tricks gibt es, falls man sich während einer Live-Show im deutschen Fernsehen einstrullt? Und was zum Geier will Frank mit seiner dadaistischen Rubrik “Der Ohrenschmaus vom Fuß” sagen? All das und jede Menge Fragezeichen gibt es in der neuen Folge von ""Eulen vor die Säue"". // Zum Nachschauen: Tiny Gun mit Axel Stein und Mitarbeiter XY: https://youtu.be/OwPBfB1X15E Backpfeifen Thorsten Legat: https://youtu.be/YxGIEcCYQ_k Fußball mit einer Bowlingkugel: https://youtu.be/oPEinvnE43Y  Alle Infos und Rabatte zu unseren Werbepartnern unter https://linktr.ee/EulenvordieSaeue"
6dgEPW2qemU79KQ29CXFQk,3,2020-12-23,2891.833,https://open.spotify.com/episode/6dgEPW2qemU79KQ29CXFQk,Der Pennbruder,"Folge 3 beinhaltet völlig unvermittelt unnötig großes Drama. Lügen, Vorwürfe, Gewalt, Hinterlist und einen Gastauftritt eines echten Superhelden (Joko C. Winterscheidt). Und on top gibt‘s auch diesmal wieder die Ekelkirsche auf der Scheißetorte: Franks Rubrik. Have fun. // Zum Nachschauen:   Kotzekutter mit Max Giesinger: https://youtu.be/R2p-4MscFog // Aushalten Nicht Lachen ""I mog ned mer Herr Gräy"": https://youtu.be/aT45qTIOrS8 // Frank als Kuchenpresident: https://youtu.be/Lla2YWF936A // Backpfeife: https://youtu.be/xiXgUlz_mVc  Alle Infos und Rabatte zu unseren Werbepartnern unter https://linktr.ee/EulenvordieSaeue"
2Uw2pxE0kA9wPI4CN3ukvW,4,2020-12-30,2829.74,https://open.spotify.com/episode/2Uw2pxE0kA9wPI4CN3ukvW,Müllaktion in Manhattan,"Folge 4 des Tonmannschen Podcast-Versuchs wagt allerlei Experimente, die bereits im Nachhinein zum Scheitern verurteilt gewesen worden sein taten. Es geht um Intros, Outros, schwerwiegende Berufsentscheidungen, Scheidungen, Hochzeiten, Traditionen, Spleens und natürlich das Fest aller Feste: Sülwesta. Am Ende steht ein gewagter Vergleich im Raum. Wäre „Eulen vor die Säue“ ein Film, wäre es wohl „Godzilla und die Urwaldraupen“. Top Podcaster. Gerne wieder.  Zum Nachschauen: Joko und Frank Tonmann heiraten in Las Vegas: https://youtu.be/kEeobXEIIgI // Mitarbeiter Portrait: Frank Tonmann: https://youtu.be/ZxB-vnbqos8  Alle Infos und Rabatte zu unseren Werbepartnern unter https://linktr.ee/EulenvordieSaeue"
4QSBJpm1d7CeghdvoehZbt,5,2021-01-06,3279.543,https://open.spotify.com/episode/4QSBJpm1d7CeghdvoehZbt,"Gut gewählt, ist halb gemordet","Folge 5 schreit direkt nach „Jubiläum“ und „Best Of“, aber Frank Tonmann und seine Vasallen erliegen Teufelseidank nicht dieser Versuchung, sondern schrottsabbeln sich weiterhin unverblümt durch den Themengemüsegarten. Wie gut müssen Intros sein? Wieso wird schweres Atmen immer noch gesellschaftlich geächtet? Wie überlebt man sogennante „Partydrehs“ im Joko&Klass-Kosmos? Wer sind die größten Tanzbären in der Firma? Wie verkabelt man Superstars und wieso hatte Frank einst zwei Handyverträge gleichzeitig? All das wird absichtlich gestreift. // Zum Nachschauen: Lach Yoga: https://youtu.be/8CCKm8vF7SM // Showlympiade: https://youtu.be/Z8T9qYuBjpU // Satire Hits - Basti Dance bei 3:15: https://youtu.be/XjLoE6TgNTE  Alle Infos und Rabatte zu unseren Werbepartnern unter https://linktr.ee/EulenvordieSaeue"
7LYL8CgMKxzcZik7epQG2D,6,2021-01-13,3196.317,https://open.spotify.com/episode/7LYL8CgMKxzcZik7epQG2D,Die Auferstehung des toten Ingenieurs,"In Folge 6 dreht sich alles um die große Frage “Was kann nach der Jubiläumsfolge 5 noch kommen?” - Wohin werden sich die nun erwachsenen Frank Tonmann, Basti und Thomas entwickeln? Macht jeder einen eigenen Spin-Off-Podcast? Dreht einer völlig ab, wird reich und drogensüchtig? Oder lässt sich einer seine Augen schielend operieren? So viel kann man schon mal verraten: Nichts davon. Ab Donnerstag 0.08 Uhr “Die Auferstehung des toten Ingenieurs”. // Zum Nachschauen: Sido Jamaika ""Duell um die Welt"": https://youtu.be/YWb0EhOtk_Y  Alle Infos und Rabatte zu unseren Werbepartnern unter https://linktr.ee/EulenvordieSaeue"
6DC7ozgJJ2QJ1aHpgOckZC,7,2021-01-20,2382.315,https://open.spotify.com/episode/6DC7ozgJJ2QJ1aHpgOckZC,Ein Jugendfreund in Nöten,Alles neu in Folge 7? Basti steigt ins Intro-Business ein und verblüfft. Frank enthüllt seine größte Fähigkeit: Das Plötzlich-Verschwinden-und-wieder-Auftauchen. Thomas wird als Jogginghosenhasser geoutet und kämpft noch mit den Folgeschäden von Franks Kaki-Attacke. Außerdem taucht erstmalig ein Gast im Tonmannkabuff auf und bringt alles durcheinander. Und über allem schwebt auch noch das alte Arschloch Zeit. Die ist nämlich diesmal besonders knapp. Eventuell muss sich das eigentliche Ende diesmal gedacht werden. #tonmannzunftlanzenbrecherei // Zum Nachschauen: Karate Frank: https://youtu.be/GUSJjw7npVE  Alle Infos und Rabatte zu unseren Werbepartnern unter https://linktr.ee/EulenvordieSaeue
3LjCpIbTGee8bwhSxKiaCy,8,2021-01-27,2542.106,https://open.spotify.com/episode/3LjCpIbTGee8bwhSxKiaCy,Brennende Gemeinde,"Folge 8 geht ganz folgeachttypisch seinen eigenen Weg. Hier und da werden Dinge angerissen, aufgeworfen, aber auch wieder eingerissen. Wie lange werden sich Frank und seine Rubriken noch halten können? Welche Idioten denken sich Bandnamen wie Hinckeldey und Stakeout aus? Bei welchen Dreharbeiten hatten unsere Protagonisten am meisten Schiss in der Buchs? Und als welcher Superheld würde Basti gern in Phase 4 des MCU in Erscheinung treten? All das sind durchaus als solche erkennbare Fragen! #tonmannzunftlanzenbrecherei // Zum Nachschauen die Ayahuasca Trilogie:  Versuch 1: https://youtu.be/4BUYT4XH__o  Versuch 2: https://youtu.be/eIxyMLaI3pY  Versuch 3: https://youtu.be/5bl37cE9zC8  Alle Infos und Rabatte zu unseren Werbepartnern unter https://linktr.ee/EulenvordieSaeue"
0xoFzWuuoH6QQCzH5EngQ0,9,2021-02-03,3113.691,https://open.spotify.com/episode/0xoFzWuuoH6QQCzH5EngQ0,Lösegeld für einen Jumbo,"Folge 9 entführt die geneigte Receiver-Sau in die wundersame Welt des Staunens. Wie lebt Basti G. seit Jahren ohne Kühlschrank und wieso macht ihn das direkt zum Inspirateur de la vie? Warum durfte Frank T. einst nicht direkt mit Jennifer Lopez sprechen? Was haben Thomas und Ben Affleck gemeinsam? Welche einzige Sorge kurz vorm Ableben ist wirklich legitim? Wie schneidet Joko W. im ultimativen Freundschaftstest ab und seit wann ist Bastis gesamte Familie plötzlich Teil der großen Intro-Fehde? Zum Glück haben die Transmitter-Eulen auf alles eine Antwort (zumindest wenn man schweres Keuchen, dümmliches Lachen und Gestammel als Antwort definieren würde).  Alle Infos und Rabatte zu unseren Werbepartnern unter https://linktr.ee/EulenvordieSaeue"
53amUsWE6Jcz3b8MKv709w,10,2021-02-10,3200.313,https://open.spotify.com/episode/53amUsWE6Jcz3b8MKv709w,Hannibals rettender Plan,"Folge 10 - Staffelfinale. Unnötig aufgebauscht und von der internationalen Presse hochgejazzt unterlaufen Dadaist Frank Tonmann und seine Vasallen konsequent sämtliche Erwartungen - wenn auch unabsichtlich. Dafür gibt es gleichzeitig den lustigsten und den traurigsten Höhepunkt in 10 Jahren “Eulen vor die Säue”, ein Intro, das Elton John gern geschrieben hätte und ein völlig neues Klangerlebnis. Wir sagen “cool”,  ‘Die Neue Post’ schreibt “Kann man machen!”  Alle Infos und Rabatte zu unseren Werbepartnern unter https://linktr.ee/EulenvordieSaeue"
7gP2PKJmpOdNIj6G49s9mP,11,2021-02-17,2860.042,https://open.spotify.com/episode/7gP2PKJmpOdNIj6G49s9mP,Mord an einem Cadillac,"Alles neu in Staffel zweu. Getreu diesem Motto bleibt auch in Folge 11 exakt alles so wie es war. Frank kämpft immer noch um die Vorherrschaft in Berufsanerkennungsgame, provoziert seine Kollegen mit seltsamen Rubriken und dropped nebenbei ein dunkles Geheimnis aus der Vergangenheit. Inspiriert durch so viel Ehrlichkeit verraten auch die beiden Maschinen-Wesen Thomas und Basti Geschichten voller Zerbrechlichkeit und Schwäche und müssen auch noch ihre Wettschulden von letzter Woche einlösen. Insane. Wir sagen “Eul”, ihr sagt “en vor die Säue!” - Jetzt neu mit Subclaim “Wohin mit Oma?”.  Alle Infos und Rabatte zu unseren Werbepartnern unter https://linktr.ee/EulenvordieSaeue"
6UCsetAAY1eCuBVW3p0lTN,12,2021-02-24,2980.571,https://open.spotify.com/episode/6UCsetAAY1eCuBVW3p0lTN,Der Spion aus dem Sarg,"Folge 12 bringt dem geneigten Receiver die Welt die Welt der Magie, der Hypnose und der Namensverschandelung näher. Franz Tonmann, Bafti Karge und Thomult Marlies kichern sich wieder von einer Anekdote zur nächsten und vergessen dabei vollkommen, was sie hier warum eigentlich tun. Das Ganze aber mit soviel Charme, Chuzpe und Chantré, dass man sich direkt durchs Ohr geküsst fühlt. So kann die Apokalypse beginnen. // Nachschauen: Joko & Klaas gegen ProSieben | Frank wird hypnotisiert: https://youtu.be/D_VQh1AU_no  Alle Infos und Rabatte zu unseren Werbepartnern unter https://linktr.ee/EulenvordieSaeue"
5pzW8aJ8djbZXHvC2vO31V,13,2021-03-03,2833.763,https://open.spotify.com/episode/5pzW8aJ8djbZXHvC2vO31V,Klapperstorch auf Abwegen,"Die magische Folge 13 kommt ungewohnt tiefgründig und philosophisch daher, denn es gibt gleich mehrere wichtige Themen, die dringend einer Bekicherung bedürfen. Welche Körperstelle von Franz Tonmann dürfte man bei einem Gala-Dinner verspeisen? Darf man sein Kind Räkeiwa nennen? Sind die Shotgun-Regeln wichtiger als das Grundgesetz? Und welche Pflichten hat man als Beifahrer, wenn man direkt neben dem Klangregler des Radios sitzt?  Das und noch vieles weniger, wird wie immer erfolgreich angeschnitten.Transmitter4life. // Zum Nachschauen: Micky Beisenherz - Bloß nicht unscharf werden: https://youtu.be/kuqHbDBEoq8  Alle Infos und Rabatte zu unseren Werbepartnern unter https://linktr.ee/EulenvordieSaeue"
5u5XqEpYEtRJLs23napRSh,14,2021-03-10,2898.939,https://open.spotify.com/episode/5u5XqEpYEtRJLs23napRSh,Rock gegen Drogen,"Nach Folge 14 wird die Menschheit anders auf ihre drei Lieblingstransmitter schauen. Noch nie wurden so viele unglaubliche Geheimnisse auf einmal entzweit. Noch nie wurden so viele Enthüllungen malträtiert. Noch nie mussten so viele Skandale gleichzeitig jongliert werden. Und noch wurden so viele Verben falsch verwendet. Wäre “Eulen vor die Säue” nicht der mopsige Eber, der er ist, er würde vom Druck zusammenbersten. Bitte setzt euch vor Genuss dieser Folge unbedingt hin!  Alle Infos und Rabatte zu unseren Werbepartnern unter https://linktr.ee/EulenvordieSaeue"
2NWzCXWn2i7G8yhVCAi9Zx,15,2021-03-17,3336.986,https://open.spotify.com/episode/2NWzCXWn2i7G8yhVCAi9Zx,Wilderer auf Menschenjagd,"Folge 15 und somit schon wieder Halbzeit in Staffel 2. Die Zeit rast genau wie die Gedanken der drei dampfplaudernden Transmittergötter. Dabei reißen sie wieder Themen an, von denen selbst die Wissenschaft bis vor kurzem gar nicht wusste, dass sie existieren. Haben Monde Gefühle? Kann man sich Schlamm (by Frank Tonmann) statt Astrazeneca impfen lassen? Ist es erlaubt sich als Schokoriegel ungeschützt im Tiefkühlfach aufzuhalten? Wohnt jedem Gast auch immer ein Ast inne? Und ist Scham doch nur umgekehrtes Selbstvertrauen? Wir sagen ganz klar: limpig. //Die Intro-Produzenten: https://www.instagram.com/small_house_official/ https://instagram.com/maximum_offiziell?igshid=15zlvm4aeul6w  Alle Infos und Rabatte zu unseren Werbepartnern unter https://linktr.ee/EulenvordieSaeue"
7xv39KmU1PeLd8Um8WdViX,16,2021-03-24,2788.859,https://open.spotify.com/episode/7xv39KmU1PeLd8Um8WdViX,Aber die Leiche fehlte,"Folge 16 müssen die Transmittergötter aufgrund der “Joko & Klaas gegen ProSieben”-Produktion in München erstmalig getrennt voneinander aufnehmen. Und somit auch ganz individuell ihre Tjangölfs kalibrieren und zum Recorden bringen. Sollte das in die Hose gehen, müssten sich sämtliche Räkeiwa die Inhalte diesmal denken. Hier ein paar kleine Ideenansätze: Rauswerfen, Reinschauen, Abstellen, Entfernungen, Mayonnaise-Schuh, Schlammbauchladen, Stuntmännerei, Backflip. Viel Erfolg.  Alle Infos und Rabatte zu unseren Werbepartnern unter https://linktr.ee/EulenvordieSaeue"
4QemFlYKwSw2HDtsjQukKV,17,2021-03-31,2934.126,https://open.spotify.com/episode/4QemFlYKwSw2HDtsjQukKV,Der betrogene Betrüger,"Folge 17 bildet das große Finale der spannenden München-Duologie. Schlamm Tonmann ist gerade noch rechtzeitig im Aufnahmebüro in Berlin erschienen und hatte gleich wieder einen neuen Skandal im Gepäck, der Bärchenpruster Thomas einmal mehr in die Bouillabaisse bringt. Außerdem geht es um weinhaltige Feedbackgespräche, wie man abhörsicher in öffentlichen Verkehrsmitteln Interna besprechen kann, handwerkliches Ungeschick, Ninjas und dass man privat auch immer in Gags denken und bewerten sollte. Eulen vor die Säue wäre demnach z.B. Drei Gag Fünfzig.  Link zur Spotify Playlist: : https://open.spotify.com/playlist/7K9i1oNTm4Uuj6pym6HfJm?si=8vyS9PJ0Rq6y9Qim2B2qLw&nd=1  Alle Infos und Rabatte zu unseren Werbepartnern unter https://linktr.ee/EulenvordieSaeue"
4CGQZvBdw6ZOk634VMGiDr,18,2021-04-07,2443.781,https://open.spotify.com/episode/4CGQZvBdw6ZOk634VMGiDr,Die Vogellady,"In Folge 18 steht hoher Besuch im Hause Eulensau an. Mänzen (gespr. Mänzeeen), Freund und Vorbild Joko Winterscheidt tritt persönlich in Erscheinung und spricht unter Tränen über sein großes Versagen in der vergangenen Ausgabe von “Joko & Klaas gegen ProSieben”. So menschlich haben Sie diese Lichtgestalt noch nie gehört. Darüber hinaus gibt es natürlich wieder jede Menge Brimbamborium, falsche Abbiegungen und unnötig starkes Geatme. Richtig interpretiert, ergibt das Ganze selbstverständlich trotzdem Sinn. Wenn ""Sinn"" so viel wie ""Klumpatsch"" bedeutet.   Alle Infos und Rabatte zu unseren Werbepartnern unter https://linktr.ee/EulenvordieSaeue"
68rHdmkuxfGOWnvDeVeOxF,19,2021-04-14,2962.442,https://open.spotify.com/episode/68rHdmkuxfGOWnvDeVeOxF,Warnende Träume,"Folge 19 kommt ungewohnt lehrreich daher. Die drei Transmittoren lustwandeln im Garten der Mitteilsamkeit und machen “Eulen vor die Säue” zu einer Folge “Wissen vor acht”. Wie immer natürlich unabsichtlich. Gleichzeitig wirft das große Staffel-2-Finale seine Schatten voraus und lässt bis dato unter der Oberfläche brodelnde Konflikte in offenen Hass umschlagen. Wie soll das alles nur enden? Wie übertrieben sind diese Worte? Und wohin nun eigentlich mit Oma? Hell, we don’t know.  Alle Infos und Rabatte zu unseren Werbepartnern unter https://linktr.ee/EulenvordieSaeue"
46yHjCJMI3mfk31Fb1vCv7,20,2021-04-21,3088.379,https://open.spotify.com/episode/46yHjCJMI3mfk31Fb1vCv7,Lektion in Sachen Freundschaft,"Die Eulen flüstern es bereits von den Dächern. Es ist wieder Staffelfinal-Zeit.  Unglaubliche 20 Folgen stehen auf der Habenseite. Die Presse überschlägt sich wieder einmal (Frau im Spiegel schreibt z.B. “Ihr schweres Leben mit der Krankheit”) und hätte damals jemand den jungen Transmittergöttern gesagt, dass sie mal so lange auf Sendung sein würden, sie hätten wahrscheinlich ungläubig geantwortet: Ja - passt schon. Selbstverständlich wird diese Jubiläumsausgabe wieder etwas ganz besonderes, ohne dass das direkt auffällt und selbstverständlich geht auch Staffel 3 nächste Woche direkt und ohne Pause weiter. We say “Staffelfi”, you say “nale”.   Alle Infos und Rabatte zu unseren Werbepartnern unter https://linktr.ee/EulenvordieSaeue"
5YQP0gY4Wu6ML2FCgrOeA7,21,2021-04-28,3352.999,https://open.spotify.com/episode/5YQP0gY4Wu6ML2FCgrOeA7,Der geschwätzige Mitwisser,"Weil sich eure Lieblingstransmitter-Lallbirnen im Staffelfinale letzte Woche leicht vertüddelt haben, wird in Folge 21 einfach weitergestaffelfinalt. Zu viele Fragen, zu viele Themen und zu viele Rätsel blieben unbeantwortet und bedürfen einer messerscharfen Analyse. Außerdem gibt es erste Reaktionen und Mythen zum bevorstehenden Großevent “Eulympia 2021”, das erste gemeinsame Intro bekommt im nächsten Schritt schon mal ein schickes Sommerkleid und Frank Pengasius Tonmann setzt seine gesundheitsgefährdende Rubrik “Ohrengraus mit Schuss” aufs Spiel und geht erneut eine folgenschwere Wette ein. Spannender sind nur die Leggins von Komas Marlies als er 13 war.  Alle Infos und Rabatte zu unseren Werbepartnern unter https://linktr.ee/EulenvordieSaeue"
3KEo2JKFC75bM18sDui5iA,22,2021-05-05,3648.653,https://open.spotify.com/episode/3KEo2JKFC75bM18sDui5iA,Maulwurf Johnson,"Der Einschlag des gigantischen Doppelfinales ist gerade noch am Verhallen und schon steht Folge 22 aufgeregt vor der Tür und will auch mitmischen. Also, lassen wir sie doch herein und empfangen sie herzlich mit unseren kräftigen Winkerarmen und Blumenkohlohren. Wie immer geht es um Alltägliches und doch Rätselhaftes. Eylmpia 2021 lässt Schlamm Stoßzahn und Thomas Smartjeans bereits jetzt schon zu nervösen Wracks mutieren, die zwischen Fiktion und Realität kaum noch unterscheiden können. Basti hat News zu seinem Kühlschrank Pepe und wäre gern Erfinder und außerdem schaut mal wieder ein schlauer Gast vorbei. Diesmal aus der Berufsgruppe der Cutter. Es wird also wie immer sautastisch. Einschalten!  // WERBUNG: Die heutige Folge wird unterstützt von MANSCAPED® Performance Package, das ultimative Hygiene Kit für Männer. Erhalte 20 % Rabatt und kostenlosen Versand mit dem Code EULEN auf Manscaped.com. // Ein weiterer Partner dieser Episode ist Blinkist. Blinkist bringt die Kernaussagen von Wissensformaten in nur 15 Minuten auf dein Smartphone. Ihr erhaltet 25% auf das Jahresabo Blinkist Premium unter: www.blinkist.de/eulen  Alle Infos und Rabatte zu unseren Werbepartnern unter https://linktr.ee/EulenvordieSaeue"
7CisdxEnUwwbyoKnKma6nZ,23,2021-05-12,3725.662,https://open.spotify.com/episode/7CisdxEnUwwbyoKnKma6nZ,Das Sündenregister von Cypress Bay,"Folge 23 müsste eigentlich “Die unglaublich krass harte mutmaßliche Bescheißerei des Frank Tonmanns” heißen. Wenn das Wort Skandal nicht schon durch Sven Stefan Skandalius erfunden worden wäre, würde es spätestens ab heute Mitternacht im Duden stehen.  Es dreht sich natürlich alles um die wundersame Wettgewinnung und die damit verbundene Rettung von Franks Rubrik “Ohrenschmaus vom Fuß”. Basti und Thomas sind teilweise so schwer erschüttert, dass sie direkt vergessen, unnötig laut ins Mikro zu atmen. Außerdem gibt es schon wieder neue Kühlschrank-Mysterien, Thomas Cool ihm sei School Of Rock, Eulympia 2021-News und Pfirsich-Quark. Wer das nicht hört, ist selber tot.   Alle Infos und Rabatte zu unseren Werbepartnern unter https://linktr.ee/EulenvordieSaeue"
0OOuxQRnWcX2Oyk5Px2jlh,24,2021-05-19,3446.595,https://open.spotify.com/episode/0OOuxQRnWcX2Oyk5Px2jlh,Heiß begehrt und tiefgefroren,"Was reimt sich ungefähr auf “Wolke Stier und ranzig”? Richtig, Folge 24. Jetzt schon ein moderner Klassiker im Podcast-Kosmos. Wie immer übertreffen sich die Transmitter-Eulen im Sich-gegenseitig-ins-Wort-fallen und Laut-Aufschmunzeln und wie immer geht es auch diesmal wieder um die großen Fragen der Menschheitsgeschichte: Welcher verfluchte Fickisack hat auch Franks zweiten Pfirsich-Joghurt aus dem Bürokühlschrank geklaut? Was haben Bastis Thomas Cools Recherchen ergeben? Dürfen Erwachsene Menschen überhaupt Pfirsich-Joghurt aus Eimern essen? Verzerren Waschmaschinentrommeln das Raum-Zeit-Kontinuum (Spoiler: ja)? Wer wohnt in mintgrünen Häusern? Ist Kuchenteigessen eine angemessene Vorbereitung für Eulympia 2021? Wieso zerstört Frank absichtlich Pointen und wer ruft eigentlich immer “Hier stinkt’s wie im Pumakäfig”?  Die Antworten könnten Ihr Weltbild ins Wanken bringen (zumindest wenn man während des Hörens 3 Liter Schlamm trinkt).  WERBUNG: Dein 30-Euro Amazon Gutschein von CLARK: Anmeldung mit dem Code „EULEN“ unter www.clark.de (Deutschland), www.goclark.at (Österreich) oder direkt in der App. Neukunden bekommen 15€ pro jede in die App hochgeladene bestehende Versicherung (ausgeschlossen Gesetzliche Krankenkasse, Altersvorsorge, ADAC-Mitgliedschaften). Der Gutschein wird in 4-6 Wochen per E-Mail versendet, nachdem die Versicherungen als gültig bestätigt worden sind. Der Code ist bis zum 31.12.2021 gültig. Teilnahmebedingungen auf https://www.clark.de/de/teilnahmebedingungen/podcast15 und https://www.goclark.at/de/teilnahmebedingungen/podcast15  Alle Infos und Rabatte zu unseren Werbepartnern unter https://linktr.ee/EulenvordieSaeue"
3bwnpc0oafjjPo6vQAOtjL,25,2021-05-26,3096.189,https://open.spotify.com/episode/3bwnpc0oafjjPo6vQAOtjL,Der Koffer des Chinesen,"Wenn die Episodennummer 25 echten Jahren entsprechen würde, dann wäre diese Folge ein viertel halbes Jahrhundert alt. “Ich glaub mir brennt der Hut” möchte man euphorisch rufen und einen unnötig erotischen Balztanz aufführen. Und genau dieses Feeling fasst auch ganz gut den Inhalt des aktuellen Oeuvres von Basti, Thomas und Frank zusammen. Viele lose Enden werden weiter zerfranst, neue Skandale hervorgebracht, alte Feindschaften umgekehrt und zum Schluss siegt die Liebe. Also, wie immer eigentlich. Außer, dass keiner mehr durchsieht. Gern mehr davon.  Alle Infos und Rabatte zu unseren Werbepartnern unter https://linktr.ee/EulenvordieSaeue"
0gyFHxiQkwJ53sdBnIJHsP,26,2021-06-02,3488.026,https://open.spotify.com/episode/0gyFHxiQkwJ53sdBnIJHsP,Der Fluch der Mary Aberdeen,"Folge 26 ist eine dieser Folgen, von der man später sagen wird “Ach, wisst ihr noch - wie gemächlich diese Folge losging und auf einmal gab es dann diesen mega krassen Twist im Mittelteil, der mich bis heute nicht schlafen lässt? Für mich eine der wichtigsten Podcast-Folgen, die jemals aufgenommen und gesendet wurde. Chapeau an alle Beteiligten. Diesen Mut zur Wahrheit muss man erstmal haben. Für mich sind die Transmittergötter mehr als nur Götter. Sie sind Übergötter im Menschenkleid, die wo sich echt noch was trauen tun!”- Dem gibt es eigentlich nichts hinzuzufügen.  Alle Infos und Rabatte zu unseren Werbepartnern unter https://linktr.ee/EulenvordieSaeue"
7hECqMlkzAge3LJBrg7WmG,27,2021-06-09,3621.694,https://open.spotify.com/episode/7hECqMlkzAge3LJBrg7WmG,Eulympia 2021,"Darauf hat die Welt 2021 Jahre lang gewartet. Folge 27 löst endlich das Versprechen aller Versprechen ein. Zwei käsig-kurzatmige Mittdreißiger messen sich in einem sportlichen Wettkampf, der diesen Namen nicht verdient hat und deshalb folgerichtig auf “Eulympia 2021” getauft wurde. Schlamm Stoßzahn und Komas Fahrdienst werden, unterstützt von Bastwart Grunzi am Mikrofon, in drei Disziplinen (Sprint, Weitsprung, Kugelstoßen) mehr oder weniger dynamisch erkämpfen, wer von beiden der bessere und stärkere Transmitter ist. Und das alles nur, weil ein treuer Receiver mal gefragt hat, wer wohl der Schnellere auf 100m sei.  So rasant kann es also bergab gehen. Seien Sie quasi fast live dabei, wie dieser Unfall 60min lang einfach so passiert und legen Sie sich schon mal die Lachtränenwegwisch-Tücher bereit. Es wird episch im umgekehrten Sinne.  WERBUNG: BookBeat - Unbegrenzt Hörbücher hören.   1 Monat BookBeat Premium gratis: www.bookbeat.de/eulen oder mit dem Code „eulen“. Der Code ist bis 31.12.2021 gültig.  Alle Infos und Rabatte zu unseren Werbepartnern unter https://linktr.ee/EulenvordieSaeue"
0fXycdXMAdoKmLZNknee4z,28,2021-06-16,3872.496,https://open.spotify.com/episode/0fXycdXMAdoKmLZNknee4z,Mord in schwarzen Rillen,"Was kann nach dem Jahrhundert-Ereignis “Eulympia 2021” eigentlich noch kommen, fragen sich Receiver auf aller Welt? Richtig, Folge 28. Diese hat die Aufgabe, die Scherben von Franks Ego zusammenzukehren und gleichzeitig den Weg in eine leuchtendere Zukunft zu weisen.  Eine schmale Gratwanderung, die drei transmittenden Großgeister zum Glück spielend meistern und dabei sogar noch völlig neue Geheimnisse und eine interessante Gästin hervorzaubern. Garniert wird das Ganze von Bastis Geständnis, dass er demnächst unter die Drama-Schauspieler gehen wird (hier bitte ein Staunen einfügen).  Außerirdische werden diese Folge hören und sagen: “Ach, die sind ja doch ganz putzig, diese Erdlinge.” WERBUNG: Dein 30-Euro Amazon Gutschein von CLARK: Anmeldung mit dem Code „EULEN“ unter www.clark.de (Deutschland), www.goclark.at (Österreich) oder direkt in der App. Neukunden bekommen 15€ pro jede in die App hochgeladene bestehende Versicherung (ausgeschlossen Gesetzliche Krankenkasse, Altersvorsorge, ADAC-Mitgliedschaften). Der Gutschein wird in 4-6 Wochen per E-Mail versendet, nachdem die Versicherungen als gültig bestätigt worden sind. Der Code ist bis zum 31.12.2021 gültig.  Teilnahmebedingungen auf https://www.clark.de/de/teilnahmebedingungen/podcast15 und https://www.goclark.at/de/teilnahmebedingungen/podcast15   Mit dem Voucher Code EULEN erhält jeder Hörer 12% Rabatt auf das gesamte Sortiment. Emma One ist Testsieger mit Bestnote aller bisher von Stiftung Warentest getesteten Matratzen (Test 10/19, 90x200, hart). Mehr Infos zu Emma One und dem Testsieg gibt es unter www.emma-matratze.de    Alle Infos und Rabatte zu unseren Werbepartnern unter https://linktr.ee/EulenvordieSaeue"
200jHeAqhAfbshweLJ2y1M,29,2021-06-24,2954.213,https://open.spotify.com/episode/200jHeAqhAfbshweLJ2y1M,Geheimmission „Bozinsky“,"Mit Folge 29 ist es bereits wieder “EinsVorStaffelfinale”-O’Clock. Wer hätte damals damit gerechnet, dass drei minderbegabte Vollmonde einmal so weit kommen? Genau. Bis auf die Cousine von Franks Chinchilla sicherlich niemand. Aber wie Thanos sagen würde: “Jetzt isses nun mal unvermeidlich”, also wird jetzt durchgezogen. Sowohl inhaltlich als auch an anderer Stelle. Und wie immer gibt es völlig unvermittelt neue Enthüllungen, starke Verneinungen, mittelkleine Dramen und Joghurt. Immer wieder Joghurt. Obwohl es einst um einen QUARK ging. Wer soll da noch durchblicken? Bitte melden!  Alle Infos und Rabatte zu unseren Werbepartnern unter https://linktr.ee/EulenvordieSaeue"
0UkaHq53CDj42RbEjAd645,30,2021-06-30,3941.511,https://open.spotify.com/episode/0UkaHq53CDj42RbEjAd645,Unheilvoller Besuch,"Schon wieder Finale? Es ist doch erst Folge 30! Manch einer reibt sich vielleicht verwundert die Ohren, aber ja - wie schon einst Ibrahim der Weise sprach: “Wer im Glashaus sitzt, sollte besser im Dunkeln knattern.” Getreu diesem Motto transmitten sich Bastwart, Franz und Strombass finaltypisch durch jede Menge interessante Sau-Fragen, aber nicht ohne vorher nochmal den größten Kriminalfall der jüngeren deutschen Geschichte aufzugreifen: Joghurt-Gate. Außerdem gibt es Sprecherkurse, Franks Geständnis, dass er als Professor nur bedingt taugt, 8-Bit-Verwirrungen und erstaunlich viele Halb- bis Dreiviertelsätze voller Impact. Es wird wie immer episch - im epischen Sinne.  Alle Infos und Rabatte zu unseren Werbepartnern unter https://linktr.ee/EulenvordieSaeue"
3Nie1nTvDeY3EzBmRQFskk,31,2021-07-07,4093.1,https://open.spotify.com/episode/3Nie1nTvDeY3EzBmRQFskk,Die drei von der Riptide,"Finale soll man feiern wie sie fallen und auch dieses drittstaffelige fiel so feierig aus, dass es sich glatt über zwei Folgen breit machen musste. Die große Frage ist natürlich immer: Kann Teil 2 seinem Vorgänger überhaupt das Wasser reichen? Die Antwort ist so rätselhaft wie Bastis E-Roller-Fahrkünste, aber vielleicht als kleiner Teaser vorab: Neben zahlreichen Twists, Überraschungen, Schlammkonsum, Spontangast und Riesen-Kichereien, verrät Frank wohl das krasseste Geheimnis was er bisher in seiner jungen Podcast-Karriere verraten hat. Zartbesaitete sollten diese Folge nicht allein hören.  Alle Infos und Rabatte zu unseren Werbepartnern unter https://linktr.ee/EulenvordieSaeue"
2aG8lew9sLZ6IoS5lVM5bW,32,2021-07-14,3178.24,https://open.spotify.com/episode/2aG8lew9sLZ6IoS5lVM5bW,Ein Neubau mit Wanzen,"Folge 32 der Tonmannschen Podcast-So-Als-Ob-Tuerei symbolisiert den Auftakt zur Sonderstaffel 4. Einen Sommer lang versuchen sich die Transmitteranten an besonderen Sonderfolgen und den Start macht ein Maritim-Spezial, was so viel bedeutet wie: alles dreht sich ganz entfernt irgendwie ums Thema Wasser und seine Folgen. Stilecht präsentiert von einem Waterworld-ähnlichem Atoll mitten auf der Spree. Wie sich der Wellengang auf die Stimmen, die Stimmung und die Stimulierung der Ohren auswirkt, muss der geneigte Zuhörende selbst entscheiden. Wir sagen: “HalliHallo - s’gibt H2O!”  Alle Infos und Rabatte zu unseren Werbepartnern unter https://linktr.ee/EulenvordieSaeue"
7qIHBrFQRMrawlG8Wr8CGN,33,2021-07-21,3542.543,https://open.spotify.com/episode/7qIHBrFQRMrawlG8Wr8CGN,Der geheimnisvolle Ohrclip,"Auch Folge 33 steht wie angedroht ganz im Zeichen der Super-Sommer-Spezial-Staffel- Stigmatisierung. Dieses Mal verschlägt es die drei Lustwandler auf einen Pfad in die Vergangenheit. Genauer gesagt in die Pre-Corona-Party Welt Berlins als man Vater noch mit “Ph” schrieb und Pimmel mit drei “m”. Mit Hilfe ihrer Beine laufen Bastwart, Franz und Thoralf wie ganz normale Menschen eine der vielen Berliner Partymeilen entlang und sprechen freihändig und schwer atmend in ihre tragbaren CB-Funk-Mikrofone. Dabei wird ausgiebig über Clubs, Bars und damit verbundene wilde Erlebnisse philosophiert und der eine oder andere Tipp für Nicht-Berliner fällt eventuell auch ab. Wo ist es cool? Wie verhalte mich bei einem Überfall? Wie schummel ich 20 Leute in einen Club obwohl ich nur einen Gästelistenplatz hab oder ob man die sogenannte Wegmische auch Fußpils nennen darf (nein, darf man nicht). Das alles und noch vieles weniger gibt’s wie immer zur gewohnten Zeit.  Alle Infos und Rabatte zu unseren Werbepartnern unter https://linktr.ee/EulenvordieSaeue"
5ijwRxvkZ3IzgtnTmutcy3,34,2021-07-28,3569.475,https://open.spotify.com/episode/5ijwRxvkZ3IzgtnTmutcy3,Tödliches Kostümfest,"Und weiter geht der muntere Party-Vergangenheitstrip der drolligen Vierbeiner Bricks, Schwipps und Fluppe (so in etwa wären unsere Hundenamen). Noch immer ist es eine laue Sommernacht in Berlin, noch immer schwebt jede Menge Schabernack und Rave durch die Luft und noch immer liegt ein weiter Weg und jede Menge Schlamm vor den Gefährten bis ihre Reise am Schicksalsberghain ihr hoffentlich positives Ende finden wird. Diesmal gibt es sogar noch mehr sinnvolle Tipps als in der letzten Folge (z.B. wie komme ich zu 99% ins Berghain rein, auch wenn ich orange trage) und Komas Marlies wird in einer Art Intervention mit seinem partyaggressiven Verhalten konfrontiert (natürlich vollkommen ergebnislos). Auch Mitläuferin Katharina Karg ist weiterhin dabei und beleidigt munter vor sich hin, nur um dann spurlos wie ein Handlungsstrang bei “The Tomorrow War” zu verschwinden. Einschalten!  Alle Infos und Rabatte zu unseren Werbepartnern unter https://linktr.ee/EulenvordieSaeue"
38KUad7Blk4Ym50OFRYdqS,35,2021-08-04,2876.081,https://open.spotify.com/episode/38KUad7Blk4Ym50OFRYdqS,Ein mysteriöser Saboteur,"Folge 35 wird vielleicht für die größte Verwunderung sorgen seit Dieter Bohlen Gesangstalente beurteilen darf. Komas, Franz und Bastwart reisen in der Zeit zurück als Eulen vor die Säue noch in den Kinderschuhen steckte und kommentieren live über ihre damaligen Ichs drüber, während sie gerade die allererste Folge aufnehmen. Ist sowas überhaupt möglich? Das gilt es in einem einmaligen Experiment herauszufinden. Wird die erste Folge dadurch noch besserer als sie eh schon ist? Auch das gilt es herauszufinden? Bekommt man durch so viele Meta-Ebenen eventuell Metastasen? Hoffentlich nicht. Aber der Erkenntnisgewinn wird so oder so erkenntnisreich. Diesmal dürfen nur die ganz Mutigen einschalten. Wie immer Mittwochzudonnerstagnacht. Alle Infos und Rabatte zu unseren Werbepartnern unter https://linktr.ee/EulenvordieSaeue"
4LdNqqLKr5HOidJRrRtKgr,36,2021-08-11,3091.983,https://open.spotify.com/episode/4LdNqqLKr5HOidJRrRtKgr,Viehdiebe – Der gemeine Apfel,"Unglaublicherweise hält auch Folge 36 wieder Specialtastisches bereit. Die drei gottgleichen Wesen Borstel, Thorstel und Fistel quetschen sich in einen ollen Golf und reisen mit einem ordentlichen Schuss Euphorie einmal quer durch Berlin, immer auf der Suche nach Weißmannichtsogenau. Offiziell dreht sich diesmal alles um der Deutschen liebstes Thema: Das Automobil. Inoffiziell dient dieser sogenannte Überbau aber wie immer nur der Tarnung, um die wirklich wichtigen Dinge zu besprechen. Ponys, Aktienanleihen und Fibrome. Welcher Podcast kann das bitte von sich behaupten? Es ist wohl langsam Zeit für den Top 200 Chart-Entry.  Alle Infos und Rabatte zu unseren Werbepartnern unter https://linktr.ee/EulenvordieSaeue"
3ObFYuDJ9PY14t2tImPPwI,37,2021-08-18,3281.057,https://open.spotify.com/episode/3ObFYuDJ9PY14t2tImPPwI,Eine Musterstadt ohne Verbrechen,"Und weiter geht das fröhliche Gecruise von Komas Fahrdienst und Gefolge. Noch immer ist der Tank nicht leer, genauso wenig wie der Gesprächstopf mit Themen rund ums Automobil. Diesmal wird endgültig geklärt ob und wie Frank überhaupt einen Führerschein hat, mit welchen Heckaufklebern man z.B. bei einer Taufe Eindruck schinden kann und inwiefern aggressives Fahrverhalten mit erzieherischen Maßnahmen gleichzusetzen ist. Angereichert wird das Ganze mit Anekdoten aus dem Kokstaxi, Party im Produktionsbus und wie man cool dem eigenen Tod ins Auge blicken sollte (wobei mit Auge eine Straßenbahn gemeint ist). Reinhören ist fakultativ.  Alle Infos und Rabatte zu unseren Werbepartnern unter https://linktr.ee/EulenvordieSaeue"
3RhIAiJzZKaoCsdxIDtJSj,38,2021-08-25,3524.545,https://open.spotify.com/episode/3RhIAiJzZKaoCsdxIDtJSj,"Elliot, der Schlaukopf","Aus einer seltsamen Spontanität heraus beschlossen drei wunderliche Herren während einer Podcast Aufnahme, einen Rummel zu besuchen. So weit, so dumm. Außerdem beschlossen Sie, weil sie erwachsen sind, statt Zuckerwatte jede Menge alkoholische Getränke zu essen. So weiter, so noch dümmer. Und als Kirsche auf der Ungeschicklichkeitstorte nahmen sie, weil sie vergessen hatten, offiziell um Erlaubnis zu fragen, die kleinen unauffälligen Mikros fürs Heimlichaufnehmen mit, die für so ein Vorhaben aber eigentlich gar nicht gedacht sind. Ein audioeller Hochgenuss. Da müssen jetzt alle durch. Alle Infos und Rabatte zu unseren Werbepartnern unter https://linktr.ee/EulenvordieSaeue"
2hnMJXEhuW1lSoh9j9lZiX,39,2021-09-01,4169.639,https://open.spotify.com/episode/2hnMJXEhuW1lSoh9j9lZiX,Ein Richter spielt sein Spiel,"Die letzte Supersommerspezialstaffel-Folge wird noch mal specialtastisch im vierdimensionalen Sinne. Die drei Transmitter-Barden haben sich in Frank Tonmanns Bassdrum eingeschlossen, reden eine Stunde lang quer durchs Thema Musik und lauschen dabei verträumt den schönsten, schlimmsten und verstörendsten Intros aus 15 Jahren “Eulen vor die Säue”. Allerlei Seltsames wird dabei zu Tage gefördert, so z.B. dass Franz nur 9 funktionierende Finger hat, Bastwart der offiziell leiseste Nachbar Deutschlands ist und Herr Cool schon mal mit einer Couch beworfen wurde. Teilweise wird es sogar richtig lehrreich. Ein unabhängige Expertenkommission empfiehlt diese Folge daher als Anschauungsmaterial im Unterricht für die Sekundarstufe 1.  Alle Infos und Rabatte zu unseren Werbepartnern unter https://linktr.ee/EulenvordieSaeue"
0OvStBIPLQD2MzPcje6EfS,40,2021-09-08,3540.323,https://open.spotify.com/episode/0OvStBIPLQD2MzPcje6EfS,Der Tod unter der Zirkuskuppel,"Unglaubliche 40 Folgen voller interessanter Leere stehen auf der Habenseite. Und wie immer, wenn es etwas Rundes zu feiern gibt (nein, nicht unsere Alkohol-Gesichter), verwandeln sich die drei Transmitter ins Transceiver und beantworten munter sämtliche wichtigen Fragen der Welt wie z.B. “Wie lange kann Basti Frank Tonmann tragen, während Thomas ihn kitzelt?” Die Erkenntnisse die bei diesen Fragerunden entstehen, sind teilweise recht erkenntnisreich und wer sich bilden, anstatt sich auf einen Mathetest vorbereiten will, sollte auch heut Mitternacht wieder eifrig reinlinsen. Owls before the sows!  Alle Infos und Rabatte zu unseren Werbepartnern unter https://linktr.ee/EulenvordieSaeue"
626vVzQIz416oVq4xeUNyT,41,2021-09-15,3431.497,https://open.spotify.com/episode/626vVzQIz416oVq4xeUNyT,Mit Speck fängt man Mäuse,"Folge 41 des Volkspodcasts „Beulen für die Scheue“ reiht sich schon jetzt in die Reihe ganz großer Hörbuch-Klassiker wie „Rambo“, „Hans im Glück“ und „Ein harter Winter für Räuber Grapsch“ ein. Selten kamen so viel Heiterkeit und Eleganz in perfektem Einklang zusammen.  Ob Basti übers Wäsche aufhängen philosophiert oder ob Thomas Cool ihm sein Lachen wiedergefunden wurde oder ob Frank auf seine ganze eigene Art neue Laute erfindet. Ständig klopft Kollege Erkenntnisgewinn an die Tür und geht mit einem zufriedenen Lächeln wieder nach Hause. Nie zuvor hat es sich mehr gelohnt, noch ein bisschen kostbare Zeit vom eigenen Tagesablauf abzuknapsen, um diesem Werk zu lauschen."
2xCB8Sa4XsPJHNzWSdw1bc,42,2021-09-22,3453.648,https://open.spotify.com/episode/2xCB8Sa4XsPJHNzWSdw1bc,Nuklearangriff: Der Countdown läuft,"Was für ein Zufall, dass ausgerechnet am 42. September 2042 die 42. Folge Eulensau herauskommt. Kenner werden die Besonderheit dieser Zahlenmystik direkt erspüren. Und seltsamerweise zieht sich die Besondersheitigkeit durch die gesamte Folge. Fritz Strohrum hat unnötig intensiv recherchiert, außerdem ein neues Intro mitgebracht und ein schlimmes Erlebnis erlebt. Komas Smartbeans fühlt sich stark gedisst und berichtet von merkwürdigen Florida TV Ritualen und Bastwart Garage nimmt all seinen Mut zusammen und will live im Rathaus von Jever anrufen, um zu fragen wie Stadt und Bier nun endgültig ausgesprochen werden (und warum eins davon so frech herb ist). Wie immer, wird es überdurchschnittlich gut."
5EoAzMUeiRVXkSTlf7Fy3J,43,2021-09-29,2963.043,https://open.spotify.com/episode/5EoAzMUeiRVXkSTlf7Fy3J,Auf der Suche nach der Nadel im Heuhaufen,"Folge 43 beginnt mit einem Paukenschlag. Borsti Garage ist krank. Er hat aber kein abbes Bein oder einen Spaten im Auge, nein, viel schlimmer: er hat sich verkühlt. Es wird also aus Schutzgründen wieder munter via Snapchat transmittert was die ein oder andere Verwirrung und Verzögerung erklären dürfte. Darüber hinaus geht es wieder mal um das ganz große Kleine, aber auch um die schiefen Zwischentöne. Thomas Cool ist jetzt auch im Diss-Song-Business angekommen, Frank plant das Tonmannzunftlanzenbrechereifestival Vol. 1 in Zwickau und Basti erzählt von aussichtslosen Kämpfen mit Tauben und dass er sich von nun an stolzer Besitzer eines Küchengroßgerätes nennen kann. The times they are a changing."
3AaJmV65qPlzY6jn0qfWA2,44,2021-10-06,3947.258,https://open.spotify.com/episode/3AaJmV65qPlzY6jn0qfWA2,40 Millionen Dollar für Santini,"44 Folgen mussten vergehen und jetzt erst fällt zum allerersten Mal das Wort “Sex” in Deutschlands größtem Podcast (1,90m Durchschnitt). Wie und in welchem Zusammenhang müsst ihr natürlich selber erarbeiten, denn “Eulen vor die Säue” ist ja nachwievor ein klandestines Lern-Hörspiel. Skandal Nummer 2 hat direkt mit Frank “The Ohrenschmaus” Tonmann zu tun. Werdet Zeuge, wie absurd falsch er sich bei Bastis erzwungenem Ohrenschmaus verhört, anschließend vergaloppiert und dann noch eine Verschwörung wittert. Selten saß man fassungsloser vor dem eigenen Grammophon. Und nichtsdestowenigertrotz werden natürlich auch noch echte, weltbewegende Themen durcheinander gebracht. Warum war Graage im Comedy Preis? Was hat Aushalten Nicht Lachen mit LOL zu tun? Wieso züngeln Leute ungeniert bei Konzerten und wie echt wird das Tonmannzunftlanzenbrechereifestival in Zwickau? Mehr Erkenntnisgewinn in 60min geht nicht. Gern geschehen."
7dfmkBNYqQu0AGZJFUauvx,45,2021-10-13,2984.15,https://open.spotify.com/episode/7dfmkBNYqQu0AGZJFUauvx,Pfarrer tragen keine Waffen,"Folge 45 bricht weiterhin konsequent mit Traditionen. Nachdem letztens im jugendfreisten Poudcäist Deutschlands erstmalig das Wort Sex fiel, sprechen die Transmitter dieses Mal das allseits bekannte F-Wort aus: Fußball. Wieso war Franz Soßenmann Vorstopper, wie hat Thomas Cool das Tor des Jahrtausends geschossen und warum war Basti Graage als der große Stratege gefürchtet? Außerdem wird Mänzen (= Mentor/Mäzen) Joko Winterscheidt konsultiert, um mit ihm über das bevorstehende Tonmannzunftlanzenbrechereifestival Vol. 1 zu diskutieren. Hat der Powermime eventuell wertvolle Tipps, wie man sich konsequent und mit Stil vor Publikum zum Obst macht? Und wie geht eigentlich der Intro War weiter, nachdem der letzte Diss-Song nicht mal ansatzweise für hysterische Berichterstattung in den einschlägigen Medien gesorgt hat? Selber höhren, macht kluhk. Du möchtest mehr über unsere Werbepartner erfahren? Hier findest du alle Infos & Rabatte: https://linktr.ee/EulenvordieSaeue"
3tG9zJlS3eBQCdPXX7MOQp,46,2021-10-20,3540.558,https://open.spotify.com/episode/3tG9zJlS3eBQCdPXX7MOQp,Die Laserkanone von Old Silver City,"Hätte vor 1000 Jahren jemand gesagt, dass Folge 46 exakt so verlaufen würde, wäre die Schlacht von Shirimni zwischen einer byzantinischen und einer georgischen Armee in der Nähe des Palakazio-Sees wohl anders ausgegangen. Aber nun redet Fritz Stroharm tatsächlich darüber wie er auf einem alten Ofenrohr Super Mario Bros. gelernt hat und wie es war nicht mit Toni Kroos zu drehen. Basti erzählt von merkwürdigen norddeutschen Ritualen namens Vojelshätjen und dass er gar nicht mal so gut pfeifen kann. Es geht außerdem um “Wetten, dass…?”, gesungene Entschuldigungen, Intros, falsche Moderationstexte und am Ende sogar um Knossi, den König des Internets, der zu Hofe geladen hat. Ja, das Wort, das ihr sucht, lautet: “Wahnsinn!”.  Du möchtest mehr über unsere Werbepartner erfahren? Hier findest du alle Infos & Rabatte: https://linktr.ee/EulenvordieSaeue"
3vASlom4897CZkQcMUba6B,47,2021-10-27,3494.426,https://open.spotify.com/episode/3vASlom4897CZkQcMUba6B,Die Jagd nach dem Mikropunkt,"Folge 47 ist etwas zum Zungeschnalzen (sagt man das so?), wenn man Wissenschaft liebt. Deeper, philosophischer und multiversiger war eine Folge Eulensau noch nie. Obwohl Frank Stoßzahn eine Woche in der Jugendvollzugsanstalt verbringt und nur zugeschaltet ist, laufen die drei Plappermäulchen zu Mittelform auf. Es geht um Rollschuhuntergrundarmeen, neue Relativitätstheorien, Jugendliebe, kindliche Fantasie, Auftritte bei Knossi und Basti und Thomas haben sogar ganz ihres Gebieters Befehlen nach, einen gemeinsamen Ohrenschmaus gebastelt. Diese Folge dürfen wirklich nur die ganz Mutigen unter euch hören! Du möchtest mehr über unsere Werbepartner erfahren? Hier findest du alle Infos & Rabatte: https://linktr.ee/EulenvordieSaeue"
2dm94Y9IImBLaHLcY1etiQ,48,2021-11-03,3333.433,https://open.spotify.com/episode/2dm94Y9IImBLaHLcY1etiQ,Paradiesvögel: Lieferung frei Haus,"In Folge 48 ist die Eulensauwelt eine andere als wo wir sie kennen tun. Basti macht plötzlich Sound, Frank wird vom C zum B-Promi und Thomas entwickelt sich zurück. Ist dies der Wendepunkt in Deutschlands 119.-erfolgreichstem Podcast? “Flummi” ist die einzig richtige Antwort darauf und flummiesk wird wie immer durch eine bunte Themenauswahl gesprungen. Es gibt eine “Wetten, dass…?” Warm-Up-Pre-Show, Frank berichtet erstmals for real wie es bei Knossi war, es geht ums stilvoll urinieren in Film und und Fernsehen, um Toffifees und darum wieso Basti niemals ein Knax-Konto bei der Sparkasse eröffnen konnte. Einschaltbefehl für die, die auf dem Schulhof mitreden möchten! Du möchtest mehr über unsere Werbepartner erfahren? Hier findest du alle Infos & Rabatte: https://linktr.ee/EulenvordieSaeue"
58OqlIDewkJx7kAxblXTQM,49,2021-11-10,3271.575,https://open.spotify.com/episode/58OqlIDewkJx7kAxblXTQM,Störfall in Stavograd,"Folge 49 markiert den endgültigen Wendepunkt in Eulensauhausen. Es ist für eine Woche lang das letzte Mal, dass aus dem sicheren Hafen des Tonmannschen Stinkekabuffs gesendet wird, bevor sich die drei mutigen Transmitter-Götter Richtung Live-Bühne aufmachen. Wenn man genau hinhört, spürt man sogar eine gewisse Aufgeregtheit über sämtlichen Stammel-Sätzen schweben.   Trotzdem sind die Themen wieder sehr thematisch und kunterbunt wie Franks Zunge wenn er Scharlach hat. Es geht um Star Wars, Frank bei Promi Shopping Queen, Basti beim Speckbrettspielen, Jugendspieke, Hulk Hogan, Tatort und es verirrt sich sogar wieder ein lieblicher Gast in dieses wirre Chaos namens Karriere-Podcast.  Reßwieback-Herz wat willste mehr?  Du möchtest mehr über unsere Werbepartner erfahren? Hier findest du alle Infos & Rabatte: https://linktr.ee/EulenvordieSaeue"
6dvVMHBuSbc7zyRsv0pLI9,50,2021-11-17,3425.75,https://open.spotify.com/episode/6dvVMHBuSbc7zyRsv0pLI9,Tonmannzunftlanzenbrechereifestival Vol. 1 - Teil 1: Die Reise,"Wie zelebriert man möglichst bescheiden eine 50. Folge? Diese Frage stellte sich Frank Tonmann bereits in der 4. Klasse im zarten Alter von 50 Jahren als er gerade mit seinen Polly Pockets spielte. Schon da gebar er die Idee eines Festaktes mit einem möglichst umständlichen Titel, der auf keine Federmappe passt: Tonmannzunftlanzenbrechereifestival Vol.1.  Und nun, 20 Jahre später, wird die Welt tatsächlich Zeuge, wie drei unbeholfene Plaudertaschen in ihr eigenes Jubiläums-Verderben rasen, dabei aber trotzdem so fröhlich aussehen wie ein Teller Pfanni Knödel.   Teil 1 beschäftigt sich mit der Vorgeschichte zum vielleicht größten Ereignis seit dem Fall der Mauer und definiert das Wort Roadtrip noch mal ganz genauso wie sonst auch. Außerdem gibt es jede Menge Nervosität, unnötige Anspannung und die ersten Dreh-Begegnungen zwischen Thomas, Basti und Frank. Ulkig.  Du möchtest mehr über unsere Werbepartner erfahren? Hier findest du alle Infos & Rabatte: https://linktr.ee/EulenvordieSaeue"
5b0CBoK1X1IwDxyBYYxeoT,51,2021-11-24,3981.871,https://open.spotify.com/episode/5b0CBoK1X1IwDxyBYYxeoT,Tonmannzunftlanzenbrechereifestival Vol. 1 - Teil 2: Die Show,"Folge 51 liefert nun endlich das, worauf ehrbare Tonmänner- und Frauen seit 2000 Jahren warten. Ein Fest, einzig und allein um ihnen zu huldigen (auch wenn der Huldigungspart kongenial durch einen simplen Witz von Frank ersetzt wird).   Seid genauso verwundert wie die drei Transmitter, als sie plötzlich leibhaftig von der Bühne in die gierigen Augen von unzähligen dickhirnigen Reßwiebacks blicken. Staunt, wie sie vor lauter Gekreisch heiser werden, wie sie sich in Rockstar-Gesten versuchen, wie sie sich aufgeregt vergaloppieren und trotzdem sogar noch die ein oder andere Frage beantstammeln.   Selbstverständlich wurde das Live-Event Grammophongemäß auf 60 Minuten zurechtgestutzt, da sich nicht jeder Witz perfekt audioell übertragen ließ. Beschwerden richten Sie bitte an die entsprechende Bundesbehörde.  Du möchtest mehr über unsere Werbepartner erfahren? Hier findest du alle Infos & Rabatte: https://linktr.ee/EulenvordieSaeue"
23Z89VI06SXVGNByu5UVs5,52,2021-12-01,3040.287,https://open.spotify.com/episode/23Z89VI06SXVGNByu5UVs5,Zwiebeln mit Gelee,"Folge 52 hat die undankbare Aufgabe als Nachfolger der Opus-Magnum-Doppelfolge vom Tonmannzunftlanzenbrechereifestival bestehen zu müssen. Werden Basti, Thomas und Frank der Rockstar-Krankheit erliegen und einfach nur noch bräsig, schwammig und feist im eigenen Erfolgssaft vor sich hindümpeln? Mitnichten.   Staffel-6-typisch werden neue Handlungsstränge gewebt, neue Geheimnisse gelüftet, Spin Offs und Origins gesponnen und eventuell sogar neue Charaktere eingeführt. Aber natürlich droht auch weiterhin Ungemach, denn Konflikt-Fan Frank besteht weiterhin auf seine Rubrik direkt aus der Hölle während Thomas & Basti mittlerweile Gewalt als legitimes Mittel betrachten. Also, eigentlich alles wie immer. Mittelmäßig stark.  Du möchtest mehr über unsere Werbepartner erfahren? Hier findest du alle Infos & Rabatte: https://linktr.ee/EulenvordieSaeue"
1SqdacpJlguU7XIMNZ3ylw,53,2021-12-08,3859.408,https://open.spotify.com/episode/1SqdacpJlguU7XIMNZ3ylw,Der Fluch des Ptah-Hotep,"Folge 53 holt zum ganz großen Schlage aus und quillt förmlich über vor Dringlichkeit und Gehörtsollerei.  Thema Nr. 1: die Nachbesprechung zum “Duell um die Welt”-Dreh mit Axel Stein. Was hat Frank XY Tonmann wieder für Schabenackereien am Set veranstaltet, was weiß er davon noch und welche Tricks musste Basti anwenden, damit nicht alle drauf gehen?  Thema Nr. 2: die Nachbesprechung zum “Joko & Klaas gegen ProSieben”-Dreh hoch zu Ross. Was ist wirklich geschehen als Joko Winterscheidt damals für 3 Monate richtig sauer auf Thomas Cool war, wie hoch ist ein möglichst kleines Pferd und noch wichtiger: wer war im Recht und wer ist das Lügenmaul?   Thema Nr. 3: das offene Mitarbeiter Casting. Wer aus der Firma könnte frischen Wind in die Eulensauerei bringen und für zusätzlich Stimmung sorgen? Welche couragierte Person wird Franks Tonkabuffe stürmen und “etwas anbieten”. Wir sind genauso gespannt wie das Gesicht von Carmen Geiss.  Du möchtest mehr über unsere Werbepartner erfahren? Hier findest du alle Infos & Rabatte: https://linktr.ee/EulenvordieSaeue"
